{
    "name"				: "[COLORpurple]Arablionz[/COLOR]",
    "plugin"			: "plugin.video.matrixv2",
    "priority"			: 190,
	"language"          : "en",
	"is_resolvable"     : "true",
	"make_playlist"     : "true",
    "assert"			:{
							"play_movie": 		["title", "year"],
							"play_episode": 	["showname", "season", "episode"],
							"search_movie": 	["title"],
							"search_episode": 	["showname"]
						},
	"fallback"			:{
							"play_movie": "MatrixV2Global.json play_movie",
							"play_episode": "MatrixV2Global.json play_episode"
						},						
    "play_movie" 		:[
							"plugin://plugin.video.matrixv2/?function=showSearch&site=arblionz",
							{"keyboard": "{en_showname}"},
							{"title": "{en_showname}"}
						],						
	"play_episode"      :[
							"plugin://plugin.video.matrixv2/?function=showSearch&site=arblionz",
							{"keyboard": "{en_showname}"},
							{"title": "{en_showname}"},
							{"season": "{season}"},
							{"episode": "{episode}"}
                        ]
}