{
    "name" 				: "Matrix.V2",
    "plugin" 			: "plugin.video.matrixv2",
    "priority"          : 5,
	"language"          : "en",
    "is_resolvable"     : "true",
	"make_playlist"     : "true",
	"assert"            :{
							"play_movie":       ["title", "year"],
							"play_episode":     ["showname", "season", "episode"],
							"search_movie":     ["title"],
							"search_episode":   ["showname"]  
						},
		"fallback"		:{
							"play_movie": "MatrixV2Global-En.json play_movie",
							"play_episode": "MatrixV2Global-En.json play_episode"
						},    
    "play_movie" 		:[
							"plugin://plugin.video.matrixv2/?function=globalSearch&params=0&site=globalSearch&title=Global%20Suche&searchterm={originaltitle}",
							{"dialog": "True"}
						],
	"play_episode" 		:[
							"plugin://plugin.video.matrixv2/?function=globalSearch&params=0&site=globalSearch&title=Global%20Suche&searchterm={originaltitle}",
							{"dialog": "True"},
							{"return": "true", "season": "{season}", "episode": "{episode}"},
							{"season": "{season}"},
							{"season": "{season}", "episode": "{episode}"}
						]
}